<?xml version="1.0" encoding="UTF-8"?>
<project-private xmlns="http://www.netbeans.org/ns/project-private/1">
    <editor-bookmarks xmlns="http://www.netbeans.org/ns/editor-bookmarks/2" lastBookmarkId="0"/>
    <open-files xmlns="http://www.netbeans.org/ns/projectui-open-files/2">
        <group>
            <file>file:/Users/theo/NetBeansProjects/Mathima4/src/mathima4/Mathima4.java</file>
            <file>file:/Users/theo/NetBeansProjects/Mathima4/src/mathima4/Locomotive.java</file>
            <file>file:/Users/theo/NetBeansProjects/Mathima4/src/mathima4/Train.java</file>
            <file>file:/Users/theo/NetBeansProjects/Mathima4/src/mathima4/TrainException.java</file>
            <file>file:/Users/theo/NetBeansProjects/Mathima4/src/mathima4/Point2D.java</file>
            <file>file:/Users/theo/NetBeansProjects/Mathima4/src/mathima4/Carriage.java</file>
        </group>
    </open-files>
</project-private>
